Workbook

Sheet Assumptions
A1: TCO Comparison Key Assumptions
A2: Innovatech Solutions · Phase 1 · AWS eu-central-1 (Frankfurt)
A6: EC2 t3.small on-demand, $/hr | B6: 0.024 | C6: https://www.doit.com/compute/compute/aws/eu-central-1/t3.small
A7: EC2 t3.medium on-demand, $/hr | B7: 0.048 | C7: https://aws-pricing.com/regions.html
A8: Hours per month | B8: 730 | C8: Standard AWS billing convention
A9: Web tier: baseline instance count (ASG min) | B9: 2 | C9: Design decision - REQ-NCA-P1-04
A10: Web tier: avg instance-months factor (peak scaling overhead) | B10: 1.25 | C10: Assumption: ASG averages 25% above baseline across peak/off-peak cycle
A11: Web tier instance type | B11: t3.small
A12: Data tier: instance count | B12: 1 | C12: Design decision - self-managed MySQL
A13: Data tier instance type | B13: t3.medium | C13: Higher RAM/CPU for DB workload
A14: Management tier: instance count (monitoring + CI runner) | B14: 2 | C14: Prometheus/Grafana + self-hosted GitHub Actions runner
A15: Management tier instance type | B15: t3.small
A18: EBS gp3, $/GB-month | B18: 0.0923 | C18: https://aws.amazon.com/ebs/pricing/
A19: EBS per web instance, GB | B19: 20 | C19: https://aws.amazon.com/ebs/pricing/
A20: EBS per data instance, GB | B20: 100 | C20: https://aws.amazon.com/ebs/pricing/
A21: EBS per management instance, GB | B21: 20 | C21: https://aws.amazon.com/ebs/pricing/
A24: NAT Gateway, $/hr | B24: 0.052 | C24: https://costgoat.com/pricing/aws-nat-gateway
A25: NAT Gateway data processing, $/GB | B25: 0.052 | C25: https://costgoat.com/pricing/aws-nat-gateway
A26: Estimated NAT-processed data, GB/month | B26: 50 | C26: Assumption — low/moderate traffic coursework environment
A27: ALB, $/hr | B27: 0.026 | C27: https://cloudchipr.com/blog/aws-load-balancer-pricing
A28: ALB, $/LCU-hr | B28: 0.0092 | C28: https://cloudburn.io/tools/aws-elastic-load-balancing-pricing-calculator
A29: Estimated average LCUs consumed | B29: 2 | C29: Assumption
A30: Transit Gateway, $/attachment-hr | B30: 0.0577 | C30: https://aws.amazon.com/fr/transit-gateway/pricing/
A31: Transit Gateway attachments (2 VPCs + 1 VPN) | B31: 5 | C31: https://aws.amazon.com/blogs/networking-and-content-delivery/introducing-aws-client-vpn-native-aws-transit-gateway-attachment/
... A43: On-prem environment: maintenance hours/week | B43: 8 | C43: Assumption — physical hardware adds ops burden
A44: Weeks per month | B44: 4.33

Sheet Cloud (AWS) Costs
A1: Cloud (AWS) — Monthly Cost Build-Up
A2: Year-1 baseline monthly cost; Years 2-5 apply the usage growth rate for infra and the inflation rate for labor.
A4: Cost Component | B4: Formula Basis | C4: Year-1 Monthly ($)
A5: Web tier EC2 (t3.small x baseline x peak factor) | B5: see Assumptions | C5: =Assumptions!$B$9*Assumptions!$B$10*Assumptions!$B$6*Assumptions!$B$8 -> 43.8
A6: Data tier EC2 (t3.medium x count) | B6: see Assumptions | C6: =Assumptions!$B$12*Assumptions!$B$7*Assumptions!$B$8 -> 35.04
A7: Management tier EC2 (t3.small x count) | B7: see Assumptions | C7: =Assumptions!$B$14*Assumptions!$B$6*Assumptions!$B$8 -> 35.04
A8: EBS storage — web | B8: see Assumptions | C8: =Assumptions!$B$9*Assumptions!$B$19*Assumptions!$B$18 -> 3.692
A9: EBS storage — data | B9: see Assumptions | C9: =Assumptions!$B$12*Assumptions!$B$20*Assumptions!$B$18 -> 9.23
A10: EBS storage — management | B10: see Assumptions | C10: =Assumptions!$B$14*Assumptions!$B$21*Assumptions!$B$18 -> 3.692
A11: NAT Gateway — hourly | B11: see Assumptions | C11: =Assumptions!$B$24*Assumptions!$B$8 -> 37.96
A12: NAT Gateway — data processing | B12: see Assumptions | C12: =Assumptions!$B$25*Assumptions!$B$26 -> 2.6
A13: Application Load Balancer — hourly | B13: see Assumptions | C13: =Assumptions!$B$27*Assumptions!$B$8 -> 18.98
A14: Application Load Balancer — LCU | B14: see Assumptions | C14: =Assumptions!$B$28*Assumptions!$B$29*Assumptions!$B$8 -> 13.432
A15: Transit Gateway — attachment hours | B15: see Assumptions | C15: =Assumptions!$B$30*Assumptions!$B$31*Assumptions!$B$8 -> 210.605
A16: Transit Gateway — data processing | B16: see Assumptions | C16: =Assumptions!$B$32*Assumptions!$B$33 -> 2.31
A17: Site-to-Site VPN connection | B17: see Assumptions | C17: =Assumptions!$B$34*Assumptions!$B$8 -> 36.5
A18: Data transfer out (misc.) | B18: see Assumptions | C18: =Assumptions!$B$35*Assumptions!$B$36 -> 2.7
A19: Infrastructure subtotal, $/month | C19: =SUM(C5:C18) -> 455.581
A21: Cloud ops/maintenance labor, $/month | C21: =Assumptions!$B$42*Assumptions!$B$44*Assumptions!$B$41 -> 866
A22: AWS support plan (Basic, included) | C22: 0
A23: TOTAL Year-1 monthly cost | C23: =C19+C21+C22 -> 1321.581
A25: Year | B25: Infra ($/yr, grows w/ usage) | C25: Labor ($/yr, grows w/ inflation) | D25: Total ($/yr)
A26: Year 1 | B26: =C19*12 -> 5466.972 | C26: =C21*12 -> 10392 | D26: =B26+C26 -> 15858.972
A27: Year 2 | B27: =B26*(1+Assumptions!$B$39) -> 5904.3298 | C27: =C26*(1+Assumptions!$B$40) -> 10703.76 | D27: =B27+C27 -> 16608.09
A28: Year 3 | B28: =B27*(1+Assumptions!$B$39) -> 6376.6761 | C28: =C27*(1+Assumptions!$B$40) -> 11024.873 | D28: =B28+C28 -> 17401.549
A29: Year 4 | B29: =B28*(1+Assumptions!$B$39) -> 6886.8102 | C29: =C28*(1+Assumptions!$B$40) -> 11355.619 | D29: =B29+C29 -> 18242.429
A30: Year 5 | B30: =B29*(1+Assumptions!$B$39) -> 7437.7551 | C30: =C29*(1+Assumptions!$B$40) -> 11696.288 | D30: =B30+C30 -> 19134.043
A31: 3-Year Total | D31: =SUM(D26:D28) -> 49868.611
A32: 5-Year Total | D32: =SUM(D26:D30) -> 87245.083
